brand,moldName,brandSlug,canonicalMold,phase2Status,matchReason
ABC Discs,Money Putter,abc-discs,moneyputter,missing,
Above Ground Level,Baobab,above-ground-level,baobab,missing,
Above Ground Level,Beech,above-ground-level,beech,missing,
Above Ground Level,Cedar,above-ground-level,cedar,missing,
Above Ground Level,Douglas Fir,above-ground-level,douglasfir,missing,
Above Ground Level,Elm,above-ground-level,elm,missing,
Above Ground Level,Koa,above-ground-level,koa,missing,
Above Ground Level,Locust,above-ground-level,locust,missing,
Above Ground Level,Madrone,above-ground-level,madrone,missing,
Above Ground Level,Magnolia,above-ground-level,magnolia,missing,
Above Ground Level,Manzanita,above-ground-level,manzanita,missing,
Above Ground Level,Maple,above-ground-level,maple,missing,
Above Ground Level,Ponderosa,above-ground-level,ponderosa,missing,
Above Ground Level,Redwood,above-ground-level,redwood,missing,
Above Ground Level,Sequoia,above-ground-level,sequoia,missing,
Above Ground Level,Spruce,above-ground-level,spruce,missing,
Above Ground Level,Sycamore,above-ground-level,sycamore,missing,
AquaFlight,Dragonfly,aquaflight,dragonfly,missing,
AquaFlight,Osprey,aquaflight,osprey,missing,
AquaFlight,Peace Frog,aquaflight,peacefrog,missing,
AquaFlight,Pelican,aquaflight,pelican,missing,
AquaFlight,Swift,aquaflight,swift,missing,
Axiom Discs,Balance,axiom-discs,balance,missing,
Axiom Discs,Bokeh,axiom-discs,bokeh,missing,
Axiom Discs,Crave,axiom-discs,crave,missing,
Axiom Discs,Defy,axiom-discs,defy,missing,
Axiom Discs,Delirium,axiom-discs,delirium,missing,
Axiom Discs,Envy,axiom-discs,envy,missing,
Axiom Discs,Excite,axiom-discs,excite,missing,
Axiom Discs,Fireball,axiom-discs,fireball,missing,
Axiom Discs,Hex,axiom-discs,hex,missing,
Axiom Discs,Insanity,axiom-discs,insanity,missing,
Axiom Discs,Mayhem,axiom-discs,mayhem,missing,
Axiom Discs,Panic,axiom-discs,panic,missing,
Axiom Discs,Paradox,axiom-discs,paradox,missing,
Axiom Discs,Pitch,axiom-discs,pitch,missing,
Axiom Discs,Pixel,axiom-discs,pixel,missing,
Axiom Discs,Proxy,axiom-discs,proxy,missing,
Axiom Discs,Pyro,axiom-discs,pyro,missing,
Axiom Discs,Rhythm,axiom-discs,rhythm,missing,
Axiom Discs,Tantrum,axiom-discs,tantrum,missing,
Axiom Discs,Tempo,axiom-discs,tempo,missing,
Axiom Discs,Tenacity,axiom-discs,tenacity,missing,
Axiom Discs,Thrill,axiom-discs,thrill,missing,
Axiom Discs,Time-Lapse,axiom-discs,timelapse,missing,
Axiom Discs,Time-Lapse (Retooled),axiom-discs,timelapseretooled,missing,
Axiom Discs,Trance,axiom-discs,trance,missing,
Axiom Discs,Uplink,axiom-discs,uplink,missing,
Axiom Discs,Vanish,axiom-discs,vanish,missing,
Axiom Discs,Virus,axiom-discs,virus,missing,
Axiom Discs,Wrath,axiom-discs,wrath,missing,
Birdie,Marvel,birdie,marvel,missing,
Birdie,Reach,birdie,reach,missing,
Birdie,Rise,birdie,rise,missing,
Birdie,Weapon,birdie,weapon,missing,
Clash Discs,Berry,clash-discs,berry,missing,
Clash Discs,Butter,clash-discs,butter,missing,
Clash Discs,Candy,clash-discs,candy,missing,
Clash Discs,Cherry,clash-discs,cherry,missing,
Clash Discs,Cinnamon,clash-discs,cinnamon,missing,
Clash Discs,Cookie,clash-discs,cookie,missing,
Clash Discs,Fudge,clash-discs,fudge,missing,
Clash Discs,Ginger,clash-discs,ginger,missing,
Clash Discs,Guava,clash-discs,guava,missing,
Clash Discs,Lotus,clash-discs,lotus,missing,
Clash Discs,Mango,clash-discs,mango,missing,
Clash Discs,Millet,clash-discs,millet,missing,
Clash Discs,Mint,clash-discs,mint,missing,
Clash Discs,Peach,clash-discs,peach,missing,
Clash Discs,Pepper,clash-discs,pepper,missing,
Clash Discs,Peppermint,clash-discs,peppermint,missing,
Clash Discs,Popcorn,clash-discs,popcorn,missing,
Clash Discs,Sage,clash-discs,sage,missing,
Clash Discs,Salt,clash-discs,salt,missing,
Clash Discs,Soda,clash-discs,soda,missing,
Clash Discs,Spice,clash-discs,spice,missing,
Clash Discs,Vanilla,clash-discs,vanilla,missing,
Clash Discs,Wild Honey,clash-discs,wildhoney,missing,
Climo Disc Golf,Apogee,climo-disc-golf,apogee,missing,
Climo Disc Golf,Belleair,climo-disc-golf,belleair,missing,
Climo Disc Golf,Champ,climo-disc-golf,champ,missing,
Climo Disc Golf,Cliff,climo-disc-golf,cliff,missing,
Climo Disc Golf,Skyway,climo-disc-golf,skyway,missing,
Climo Disc Golf,Streak,climo-disc-golf,streak,missing,
Crosslap,Credo,crosslap,credo,missing,
Crosslap,Lucky,crosslap,lucky,missing,
Crosslap,Openwater,crosslap,openwater,missing,
Crosslap,Shadowplay,crosslap,shadowplay,missing,
Crosslap,Vigil,crosslap,vigil,missing,
Daredevil Discs,Albatross,daredevil-discs,albatross,missing,
Daredevil Discs,Beaver,daredevil-discs,beaver,missing,
Daredevil Discs,Big Horn,daredevil-discs,bighorn,missing,
Daredevil Discs,BigFoot,daredevil-discs,bigfoot,missing,
Daredevil Discs,Buffalo,daredevil-discs,buffalo,missing,
Daredevil Discs,Caribou,daredevil-discs,caribou,missing,
Daredevil Discs,Great Horned Owl,daredevil-discs,greathornedowl,missing,
Daredevil Discs,Grizzly,daredevil-discs,grizzly,missing,
Daredevil Discs,Hellbender,daredevil-discs,hellbender,missing,
Daredevil Discs,Hellbender (Razorback),daredevil-discs,hellbenderrazorback,missing,
Daredevil Discs,Mammoth,daredevil-discs,mammoth,missing,
Daredevil Discs,Merlin,daredevil-discs,merlin,missing,
Daredevil Discs,Moose,daredevil-discs,moose,missing,
Daredevil Discs,Ogopogo,daredevil-discs,ogopogo,missing,
Daredevil Discs,Polar Bear,daredevil-discs,polarbear,missing,
Daredevil Discs,Sabertooth,daredevil-discs,sabertooth,missing,
Daredevil Discs,Sasquatch,daredevil-discs,sasquatch,missing,
Daredevil Discs,Swift Fox,daredevil-discs,swiftfox,missing,
Daredevil Discs,Timberwolf,daredevil-discs,timberwolf,missing,
Daredevil Discs,Walrus,daredevil-discs,walrus,missing,
Daredevil Discs,Wolverine,daredevil-discs,wolverine,missing,
Daredevil Discs,Woodchuck,daredevil-discs,woodchuck,missing,
Daredevil Discs,Yeti,daredevil-discs,yeti,missing,
DGA,Aftershock,dga,aftershock,missing,
DGA,Avalanche,dga,avalanche,missing,
DGA,Banzai,dga,banzai,missing,
DGA,Blast,dga,blast,missing,
DGA,Blowfly,dga,blowfly,missing,
DGA,Breaker,dga,breaker,missing,
DGA,Gumbputt,dga,gumbputt,missing,
DGA,Hellfire,dga,hellfire,missing,
DGA,Hurricane,dga,hurricane,missing,
DGA,Hypercane,dga,hypercane,missing,
DGA,Pipeline,dga,pipeline,missing,
DGA,Quake,dga,quake,missing,
DGA,Reef,dga,reef,missing,
DGA,Rift,dga,rift,missing,
DGA,Riptide,dga,riptide,missing,
DGA,Rogue,dga,rogue,missing,
DGA,Sail,dga,sail,missing,
DGA,Shockwave,dga,shockwave,missing,
DGA,Sonar,dga,sonar,missing,
DGA,Squall,dga,squall,missing,
DGA,Steady,dga,steady,missing,
DGA,Steady BL,dga,steadybl,missing,
DGA,Surf,dga,surf,missing,
DGA,Tempest,dga,tempest,missing,
DGA,Torrent,dga,torrent,missing,
DGA,Tremor,dga,tremor,missing,
DGA,Tsunami,dga,tsunami,missing,
DGA,Typhoon,dga,typhoon,missing,
DGA,Undertow,dga,undertow,missing,
DGA,Vortex,dga,vortex,missing,
Dino Discs,Allosaurus,dino-discs,allosaurus,missing,
Dino Discs,Brachiosaurus,dino-discs,brachiosaurus,missing,
Dino Discs,Diplodocus,dino-discs,diplodocus,missing,
Dino Discs,Pterodactyl,dino-discs,pterodactyl,missing,
Dino Discs,Spinosaurus,dino-discs,spinosaurus,missing,
Dino Discs,Stegosaurus,dino-discs,stegosaurus,missing,
Dino Discs,Triceratops,dino-discs,triceratops,missing,
Dino Discs,Tyrannosaurus Rex,dino-discs,tyrannosaurusrex,missing,
Discmania,Astronaut,discmania,astronaut,missing,
Discmania,CD (OOP),discmania,cdoop,missing,
Discmania,CD1,discmania,cd1,missing,
Discmania,CD3 (OOP),discmania,cd3oop,missing,
Discmania,DD,discmania,dd,missing,
Discmania,DD1,discmania,dd1,missing,
Discmania,DD2,discmania,dd2,missing,
Discmania,DD2 (OOP),discmania,dd2oop,missing,
Discmania,DDx (OOP),discmania,ddxoop,missing,
Discmania,Drop,discmania,drop,missing,
Discmania,Enigma,discmania,enigma,missing,
Discmania,Essence,discmania,essence,missing,
Discmania,FD1,discmania,fd1,missing,
Discmania,FD2 (OOP),discmania,fd2oop,missing,
Discmania,FD3,discmania,fd3,missing,
Discmania,Founder,discmania,founder,missing,
Discmania,Function,discmania,function,missing,
Discmania,Genius,discmania,genius,missing,
Discmania,Glacier,discmania,glacier,missing,
Discmania,Instinct,discmania,instinct,missing,
Discmania,Link,discmania,link,missing,
Discmania,Logic,discmania,logic,missing,
Discmania,Maestro,discmania,maestro,missing,
Discmania,Magician,discmania,magician,missing,
Discmania,Majesty,discmania,majesty,missing,
Discmania,MD,discmania,md,missing,
Discmania,MD1,discmania,md1,missing,
Discmania,MD2 (OOP),discmania,md2oop,missing,
Discmania,MD3X,discmania,md3x,missing,
Discmania,MD4,discmania,md4,missing,
Discmania,MD5,discmania,md5,missing,
Discmania,Mentor,discmania,mentor,missing,
Discmania,Mermaid,discmania,mermaid,missing,
Discmania,Mutant,discmania,mutant,missing,
Discmania,Notion,discmania,notion,missing,
Discmania,Origin,discmania,origin,missing,
Discmania,P1,discmania,p1,missing,
Discmania,P1X,discmania,p1x,missing,
Discmania,P2X,discmania,p2x,missing,
Discmania,P3 (OOP),discmania,p3oop,missing,
Discmania,P3X,discmania,p3x,missing,
Discmania,P4,discmania,p4,missing,
Discmania,Paradigm,discmania,paradigm,missing,
Discmania,PD2,discmania,pd2,missing,
Discmania,PD3 (OOP),discmania,pd3oop,missing,
Discmania,PDx (OOP),discmania,pdxoop,missing,
Discmania,Rainmaker,discmania,rainmaker,missing,
Discmania,Rockstar,discmania,rockstar,missing,
Discmania,Sensei,discmania,sensei,missing,
Discmania,Shogun,discmania,shogun,missing,
Discmania,Splice,discmania,splice,missing,
Discmania,Spore,discmania,spore,missing,
Discmania,Tactic,discmania,tactic,missing,
Discmania,Tailor,discmania,tailor,missing,
Discmania,TD,discmania,td,missing,
Discmania,TDx (OOP),discmania,tdxoop,missing,
Discmania,Tilt,discmania,tilt,missing,
Discmania,Vanguard,discmania,vanguard,missing,
Discraft,Anax,discraft,anax,missing,
Discraft,APX,discraft,apx,missing,
Discraft,Archer,discraft,archer,missing,
Discraft,Athena,discraft,athena,missing,
Discraft,Avenger,discraft,avenger,missing,
Discraft,Avenger SS,discraft,avengerss,missing,
Discraft,Banger GT,discraft,bangergt,missing,
Discraft,Buzzz GT,discraft,buzzzgt,missing,
Discraft,Buzzz SS,discraft,buzzzss,missing,
Discraft,Captain's Raptor,discraft,captainsraptor,missing,
Discraft,Captain's Thrasher,discraft,captainsthrasher,missing,
Discraft,Challenger,discraft,challenger,missing,
Discraft,Challenger OS,discraft,challengeros,missing,
Discraft,Challenger SS,discraft,challengerss,missing,
Discraft,Cicada,discraft,cicada,missing,
Discraft,Cigarra,discraft,cigarra,missing,
Discraft,Comet,discraft,comet,missing,
Discraft,Crank,discraft,crank,missing,
Discraft,Crank SS,discraft,crankss,missing,
Discraft,Crush,discraft,crush,missing,
Discraft,Cyclone,discraft,cyclone,missing,
Discraft,Drive,discraft,drive,missing,
Discraft,Drone,discraft,drone,missing,
Discraft,Fierce,discraft,fierce,missing,
Discraft,Flash,discraft,flash,missing,
Discraft,Flick,discraft,flick,missing,
Discraft,Focus,discraft,focus,missing,
Discraft,Fossil,discraft,fossil,missing,
Discraft,Glide,discraft,glide,missing,
Discraft,Hades,discraft,hades,missing,
Discraft,Hallux,discraft,hallux,missing,
Discraft,Hawk,discraft,hawk,missing,
Discraft,Hornet,discraft,hornet,missing,
Discraft,Impact,discraft,impact,missing,
Discraft,Joy,discraft,joy,missing,
Discraft,Kratos,discraft,kratos,missing,
Discraft,Machete,discraft,machete,missing,
Discraft,Magnet,discraft,magnet,missing,
Discraft,Malita,discraft,malita,missing,
Discraft,Malta,discraft,malta,missing,
Discraft,Mantis,discraft,mantis,missing,
Discraft,Nebula,discraft,nebula,missing,
Discraft,Nuke OS,discraft,nukeos,missing,
Discraft,Nuke SS,discraft,nukess,missing,
Discraft,Passion,discraft,passion,missing,
Discraft,Predator,discraft,predator,missing,
Discraft,Pulse,discraft,pulse,missing,
Discraft,Punisher,discraft,punisher,missing,
Discraft,Putt'r,discraft,puttr,missing,
Discraft,Raptor,discraft,raptor,missing,
Discraft,Rattler,discraft,rattler,missing,
Discraft,Reaper,discraft,reaper,missing,
Discraft,Ringer,discraft,ringer,missing,
Discraft,Ringer GT,discraft,ringergt,missing,
Discraft,Roach,discraft,roach,missing,
Discraft,Scorch,discraft,scorch,missing,
Discraft,Sled,discraft,sled,missing,
Discraft,Sol,discraft,sol,missing,
Discraft,Stalker,discraft,stalker,missing,
Discraft,Sting,discraft,sting,missing,
Discraft,Stratus,discraft,stratus,missing,
Discraft,Surge,discraft,surge,missing,
Discraft,Surge SS,discraft,surgess,missing,
Discraft,Swarm,discraft,swarm,missing,
Discraft,Talon,discraft,talon,missing,
Discraft,Thrasher,discraft,thrasher,missing,
Discraft,Venom (Old Version - OOP),discraft,venomoldversionoop,missing,
Discraft,Venom (Retooled),discraft,venomretooled,missing,
Discraft,Vulture,discraft,vulture,missing,
Discraft,Wasp,discraft,wasp,missing,
Discraft,Wildcat,discraft,wildcat,missing,
Discraft,XL,discraft,xl,missing,
Discraft,Xpress,discraft,xpress,missing,
Discraft,XS,discraft,xs,missing,
Discraft,Xtreme,discraft,xtreme,missing,
Discraft,Zeppelin,discraft,zeppelin,missing,
Discraft,Zeus,discraft,zeus,missing,
Discraft,Zombee,discraft,zombee,missing,
Discraft,Zone GT (Banger Top),discraft,zonegtbangertop,missing,
Discraft,Zone OS,discraft,zoneos,missing,
Discraft,Zone SS,discraft,zoness,missing,
Disctroyer,DD-13 Starling,disctroyer,dd13starling,missing,
Disctroyer,FD-8 Stork,disctroyer,fd8stork,missing,
Disctroyer,MR-5 Skylark,disctroyer,mr5skylark,missing,
Disctroyer,Nightjar,disctroyer,nightjar,missing,
Disctroyer,PA-3 Sparrow,disctroyer,pa3sparrow,missing,
Divergent,Alpas,divergent,alpas,missing,
Divergent,Wyrm,divergent,wyrm,missing,
Doomsday Discs,Area 51,doomsday-discs,area51,missing,
Doomsday Discs,Blackout,doomsday-discs,blackout,missing,
Doomsday Discs,Bleak,doomsday-discs,bleak,missing,
Doomsday Discs,Cataclysm,doomsday-discs,cataclysm,missing,
Doomsday Discs,Chemtrail,doomsday-discs,chemtrail,missing,
Doomsday Discs,Crisis,doomsday-discs,crisis,missing,
Doomsday Discs,Cyber Putter,doomsday-discs,cyberputter,missing,
Doomsday Discs,Depth Charge,doomsday-discs,depthcharge,missing,
Doomsday Discs,Desolation,doomsday-discs,desolation,missing,
Doomsday Discs,Despair,doomsday-discs,despair,missing,
Doomsday Discs,Famine,doomsday-discs,famine,missing,
Doomsday Discs,Flat Earth,doomsday-discs,flatearth,missing,
Doomsday Discs,Ice Age,doomsday-discs,iceage,missing,
Doomsday Discs,Land Mine,doomsday-discs,landmine,missing,
Doomsday Discs,Monstrosity,doomsday-discs,monstrosity,missing,
Doomsday Discs,Oblivion,doomsday-discs,oblivion,missing,
Doomsday Discs,Pestilence,doomsday-discs,pestilence,missing,
Doomsday Discs,Plague,doomsday-discs,plague,missing,
Doomsday Discs,Psyop,doomsday-discs,psyop,missing,
Doomsday Discs,Rot,doomsday-discs,rot,missing,
Doomsday Discs,Solar Death Ray,doomsday-discs,solardeathray,missing,
Dynamic Discs,Agent,dynamic-discs,agent,missing,
Dynamic Discs,Bounty,dynamic-discs,bounty,missing,
Dynamic Discs,Breakout,dynamic-discs,breakout,missing,
Dynamic Discs,Captain,dynamic-discs,captain,missing,
Dynamic Discs,Convict,dynamic-discs,convict,missing,
Dynamic Discs,Criminal,dynamic-discs,criminal,missing,
Dynamic Discs,Culprit,dynamic-discs,culprit,missing,
Dynamic Discs,Defender,dynamic-discs,defender,missing,
Dynamic Discs,Deputy,dynamic-discs,deputy,missing,
Dynamic Discs,EMAC Judge,dynamic-discs,emacjudge,missing,
Dynamic Discs,Enforcer,dynamic-discs,enforcer,missing,
Dynamic Discs,Evader,dynamic-discs,evader,missing,
Dynamic Discs,Evidence,dynamic-discs,evidence,missing,
Dynamic Discs,Fugitive,dynamic-discs,fugitive,missing,
Dynamic Discs,Fugitive (Supreme),dynamic-discs,fugitivesupreme,missing,
Dynamic Discs,General,dynamic-discs,general,missing,
Dynamic Discs,Getaway,dynamic-discs,getaway,missing,
Dynamic Discs,Guard,dynamic-discs,guard,missing,
Dynamic Discs,Heist,dynamic-discs,heist,missing,
Dynamic Discs,Jury,dynamic-discs,jury,missing,
Dynamic Discs,Marshal,dynamic-discs,marshal,missing,
Dynamic Discs,Maverick,dynamic-discs,maverick,missing,
Dynamic Discs,Motive,dynamic-discs,motive,missing,
Dynamic Discs,Patrol,dynamic-discs,patrol,missing,
Dynamic Discs,Raider,dynamic-discs,raider,missing,
Dynamic Discs,Renegade,dynamic-discs,renegade,missing,
Dynamic Discs,Sergeant,dynamic-discs,sergeant,missing,
Dynamic Discs,Slammer,dynamic-discs,slammer,missing,
Dynamic Discs,Sockibomb Felon,dynamic-discs,sockibombfelon,missing,
Dynamic Discs,Sockibomb Slammer,dynamic-discs,sockibombslammer,missing,
Dynamic Discs,Supreme Trespass,dynamic-discs,supremetrespass,missing,
Dynamic Discs,Suspect,dynamic-discs,suspect,missing,
Dynamic Discs,Thief,dynamic-discs,thief,missing,
Dynamic Discs,Treason,dynamic-discs,treason,missing,
Dynamic Discs,Truth,dynamic-discs,truth,missing,
Dynamic Discs,"Truth, EMAC",dynamic-discs,truthemac,missing,
Dynamic Discs,Vandal,dynamic-discs,vandal,missing,
Dynamic Discs,Verdict,dynamic-discs,verdict,missing,
Dynamic Discs,Warant,dynamic-discs,warant,missing,
Dynamic Discs,Witness,dynamic-discs,witness,missing,
Elevation Disc Golf,Arowana,elevation-disc-golf,arowana,missing,
Elevation Disc Golf,"Binx, ecoFlex",elevation-disc-golf,binxecoflex,missing,
Elevation Disc Golf,"Binx, Newcomer",elevation-disc-golf,binxnewcomer,missing,
Elevation Disc Golf,Capybara,elevation-disc-golf,capybara,missing,
Elevation Disc Golf,Gecko,elevation-disc-golf,gecko,missing,
Elevation Disc Golf,Interceptor,elevation-disc-golf,interceptor,missing,
Elevation Disc Golf,Koi,elevation-disc-golf,koi,missing,
Elevation Disc Golf,Nimbus,elevation-disc-golf,nimbus,missing,
Elevation Disc Golf,OG Binx,elevation-disc-golf,ogbinx,missing,
Elevation Disc Golf,Psychic,elevation-disc-golf,psychic,missing,
Elevation Disc Golf,Screech,elevation-disc-golf,screech,missing,
EV-7,Agera,ev-7,agera,missing,
EV-7,Mobius,ev-7,mobius,missing,
EV-7,Penrose,ev-7,penrose,missing,
EV-7,Phi,ev-7,phi,missing,
EV-7,Telos,ev-7,telos,missing,
EV-7,Yang,ev-7,yang,missing,
EV-7,Yin,ev-7,yin,missing,
Finish Line,Chicane,finish-line,chicane,missing,
Finish Line,Daytona,finish-line,daytona,missing,
Finish Line,Era,finish-line,era,missing,
Finish Line,Interval,finish-line,interval,missing,
Finish Line,Pace,finish-line,pace,missing,
Finish Line,Rally,finish-line,rally,missing,
Finish Line,Sector,finish-line,sector,missing,
Finish Line,Supra,finish-line,supra,missing,
Finish Line,Torque,finish-line,torque,missing,
Gateway,Air Strike,gateway,airstrike,missing,
Gateway,Amphibian,gateway,amphibian,missing,
Gateway,Apache (OOP),gateway,apacheoop,missing,
Gateway,Apache (retooled),gateway,apacheretooled,missing,
Gateway,Apex,gateway,apex,missing,
Gateway,Assassin,gateway,assassin,missing,
Gateway,Aura,gateway,aura,missing,
Gateway,Black Zombie Chainsaw,gateway,blackzombiechainsaw,missing,
Gateway,Blade,gateway,blade,missing,
Gateway,Blaze,gateway,blaze,missing,
Gateway,Chief,gateway,chief,missing,
Gateway,Chief OS,gateway,chiefos,missing,
Gateway,Demon,gateway,demon,missing,
Gateway,Devil Hawk,gateway,devilhawk,missing,
Gateway,Diablo,gateway,diablo,missing,
Gateway,Element,gateway,element,missing,
Gateway,Ether,gateway,ether,missing,
Gateway,G-One,gateway,gone,missing,
Gateway,Houdini,gateway,houdini,missing,
Gateway,Hybrid,gateway,hybrid,missing,
Gateway,Illusion,gateway,illusion,missing,
Gateway,Journey,gateway,journey,missing,
Gateway,Magic,gateway,magic,missing,
Gateway,Morningstar,gateway,morningstar,missing,
Gateway,Mystic,gateway,mystic,missing,
Gateway,Ninja,gateway,ninja,missing,
Gateway,Odyssey,gateway,odyssey,missing,
Gateway,Prophecy,gateway,prophecy,missing,
Gateway,Realm,gateway,realm,missing,
Gateway,Sabre,gateway,sabre,missing,
Gateway,Samurai,gateway,samurai,missing,
Gateway,Scale,gateway,scale,missing,
Gateway,Serpent,gateway,serpent,missing,
Gateway,Shaman,gateway,shaman,missing,
Gateway,Slayer,gateway,slayer,missing,
Gateway,Spear,gateway,spear,missing,
Gateway,Speed Demon,gateway,speeddemon,missing,
Gateway,Spell,gateway,spell,missing,
Gateway,Spirit,gateway,spirit,missing,
Gateway,Voodoo,gateway,voodoo,missing,
Gateway,Wand,gateway,wand,missing,
Gateway,War Spear,gateway,warspear,missing,
Gateway,Warlock,gateway,warlock,missing,
Gateway,Warrior (Gateway),gateway,warriorgateway,missing,
Gateway,Wizard,gateway,wizard,missing,
Hooligan Discs,Flip,hooligan-discs,flip,missing,
Hooligan Discs,Thread,hooligan-discs,thread,missing,
Hooligan Discs,Vibe,hooligan-discs,vibe,missing,
Hooligan Discs,Yeet,hooligan-discs,yeet,missing,
Infinite Discs,Anubis,infinite-discs,anubis,missing,
Infinite Discs,Artifact,infinite-discs,artifact,missing,
Infinite Discs,Aztec,infinite-discs,aztec,missing,
Infinite Discs,Chariot,infinite-discs,chariot,missing,
Infinite Discs,Cohort,infinite-discs,cohort,missing,
Infinite Discs,Conqueror,infinite-discs,conqueror,missing,
Infinite Discs,Czar,infinite-discs,czar,missing,
Infinite Discs,Dynasty,infinite-discs,dynasty,missing,
Infinite Discs,Exodus,infinite-discs,exodus,missing,
Infinite Discs,Galleon,infinite-discs,galleon,missing,
Infinite Discs,Glyph,infinite-discs,glyph,missing,
Infinite Discs,Inca,infinite-discs,inca,missing,
Infinite Discs,Khonsu,infinite-discs,khonsu,missing,
Infinite Discs,Kon Tiki,infinite-discs,kontiki,missing,
Infinite Discs,Myth,infinite-discs,myth,missing,
Infinite Discs,RA,infinite-discs,ra,missing,
Infinite Discs,Raze,infinite-discs,raze,missing,
Infinite Discs,Roman,infinite-discs,roman,missing,
Infinite Discs,Ruin,infinite-discs,ruin,missing,
Infinite Discs,Scarab,infinite-discs,scarab,missing,
Infinite Discs,Scepter,infinite-discs,scepter,missing,
Infinite Discs,Slab,infinite-discs,slab,missing,
Infinite Discs,Sphinx,infinite-discs,sphinx,missing,
Infinite Discs,Sultan,infinite-discs,sultan,missing,
Infinite Discs,Tomb,infinite-discs,tomb,missing,
Innova,Aero,innova,aero,missing,
Innova,Alien,innova,alien,missing,
Innova,Animal,innova,animal,missing,
Innova,Ape,innova,ape,missing,
Innova,Archangel,innova,archangel,missing,
Innova,Archon,innova,archon,missing,
Innova,Atlas,innova,atlas,missing,
Innova,Avatar,innova,avatar,missing,
Innova,Aviar Classic,innova,aviarclassic,missing,
Innova,Aviar Driver,innova,aviardriver,missing,
Innova,Aviar P&A,innova,aviarpanda,missing,
Innova,AviarX3,innova,aviarx3,missing,
Innova,Banshee,innova,banshee,missing,
Innova,Birdie,innova,birdie,missing,
Innova,Bullfrog,innova,bullfrog,missing,
Innova,Charger,innova,charger,missing,
Innova,Cheetah,innova,cheetah,missing,
Innova,Classic Roc,innova,classicroc,missing,
Innova,Cobra,innova,cobra,missing,
Innova,Colt,innova,colt,missing,
Innova,Condor,innova,condor,missing,
Innova,Corvette,innova,corvette,missing,
Innova,Coyote,innova,coyote,missing,
Innova,Cro,innova,cro,missing,
Innova,Croc,innova,croc,missing,
Innova,Daedalus,innova,daedalus,missing,
Innova,Dominator (OOP),innova,dominatoroop,missing,
Innova,Dragon,innova,dragon,missing,
Innova,Fairway Disc,innova,fairwaydisc,missing,
Innova,Firefly,innova,firefly,missing,
Innova,FL,innova,fl,missing,
Innova,Fox,innova,fox,missing,
Innova,Gator3,innova,gator3,missing,
Innova,Gazelle,innova,gazelle,missing,
Innova,Gorgon,innova,gorgon,missing,
Innova,Gorgon (GStar),innova,gorgongstar,missing,
Innova,Groove,innova,groove,missing,
Innova,Hawg,innova,hawg,missing,
Innova,Hawkeye,innova,hawkeye,missing,
Innova,Hydra,innova,hydra,missing,
Innova,Invader,innova,invader,missing,
Innova,Invictus,innova,invictus,missing,
Innova,IT,innova,it,missing,
Innova,Jay,innova,jay,missing,
Innova,JK Pro Aviar-X,innova,jkproaviarx,missing,
Innova,Juggernaut,innova,juggernaut,missing,
Innova,KC Pro Aviar,innova,kcproaviar,missing,
Innova,Khan,innova,khan,missing,
Innova,Krait,innova,krait,missing,
Innova,Lion,innova,lion,missing,
Innova,Lynx,innova,lynx,missing,
Innova,Mako,innova,mako,missing,
Innova,Manta,innova,manta,missing,
Innova,Max (OOP),innova,maxoop,missing,
Innova,Mid-Disc3,innova,middisc3,missing,
Innova,Mirage,innova,mirage,missing,
Innova,Monarch,innova,monarch,missing,
Innova,Mystere,innova,mystere,missing,
Innova,Panther,innova,panther,missing,
Innova,Pegasus,innova,pegasus,missing,
Innova,Polecat,innova,polecat,missing,
Innova,Power Disc (Phantom Sword),innova,powerdiscphantomsword,missing,
Innova,Power Disc2,innova,powerdisc2,missing,
Innova,Python,innova,python,missing,
Innova,Racer,innova,racer,missing,
Innova,Ram,innova,ram,missing,
Innova,Rat,innova,rat,missing,
Innova,Roc X3,innova,rocx3,missing,
Innova,Rollo,innova,rollo,missing,
Innova,Savant,innova,savant,missing,
Innova,Shark3,innova,shark3,missing,
Innova,Skeeter,innova,skeeter,missing,
Innova,Sonic,innova,sonic,missing,
Innova,Starfire,innova,starfire,missing,
Innova,Starfire L,innova,starfirel,missing,
Innova,Stingray,innova,stingray,missing,
Innova,Stud,innova,stud,missing,
Innova,Teedevil,innova,teedevil,missing,
Innova,TeeRex,innova,teerex,missing,
Innova,TL,innova,tl,missing,
Innova,TL3,innova,tl3,missing,
Innova,Toro,innova,toro,missing,
Innova,Viking,innova,viking,missing,
Innova,Viper,innova,viper,missing,
Innova,VRoc,innova,vroc,missing,
Innova,Vulcan,innova,vulcan,missing,
Innova,Wahoo,innova,wahoo,missing,
Innova,Wedge,innova,wedge,missing,
Innova,Whippet,innova,whippet,missing,
Innova,Wolf,innova,wolf,missing,
Innova,Wombat3,innova,wombat3,missing,
Innova,XD,innova,xd,missing,
Innova,Xero,innova,xero,missing,
Innova,Yeti Pro Aviar,innova,yetiproaviar,missing,
Innova,Zephyr,innova,zephyr,missing,
Jester Disc Golf,Dream Weaver,jester-disc-golf,dreamweaver,missing,
Jester Disc Golf,Love,jester-disc-golf,love,missing,
Jester Disc Golf,Peace Train,jester-disc-golf,peacetrain,missing,
Jester Disc Golf,Wild Thing,jester-disc-golf,wildthing,missing,
Kastaplast,Alva,kastaplast,alva,missing,
Kastaplast,Berg,kastaplast,berg,missing,
Kastaplast,Berg X,kastaplast,bergx,missing,
Kastaplast,Falk,kastaplast,falk,missing,
Kastaplast,Gote,kastaplast,gote,missing,
Kastaplast,Grym (OOP),kastaplast,grymoop,missing,
Kastaplast,Grym X (OOP),kastaplast,grymxoop,missing,
Kastaplast,Guld,kastaplast,guld,missing,
Kastaplast,Idog,kastaplast,idog,missing,
Kastaplast,Impa,kastaplast,impa,missing,
Kastaplast,Jarn,kastaplast,jarn,missing,
Kastaplast,Kaxe (Old - OOP),kastaplast,kaxeoldoop,missing,
Kastaplast,Kaxe (Retooled),kastaplast,kaxeretooled,missing,
Kastaplast,Kaxe Z (OOP),kastaplast,kaxezoop,missing,
Kastaplast,Krut,kastaplast,krut,missing,
Kastaplast,Lots,kastaplast,lots,missing,
Kastaplast,Malm,kastaplast,malm,missing,
Kastaplast,Nord,kastaplast,nord,missing,
Kastaplast,Rask,kastaplast,rask,missing,
Kastaplast,Reko,kastaplast,reko,missing,
Kastaplast,Reko X,kastaplast,rekox,missing,
Kastaplast,Stal,kastaplast,stal,missing,
Kastaplast,Stig,kastaplast,stig,missing,
Kastaplast,Svea,kastaplast,svea,missing,
Kastaplast,Tuff,kastaplast,tuff,missing,
Kastaplast,Vass,kastaplast,vass,missing,
Latitude 64,Anchor,latitude-64,anchor,missing,
Latitude 64,Ballista,latitude-64,ballista,missing,
Latitude 64,Beetle,latitude-64,beetle,missing,
Latitude 64,Bolt,latitude-64,bolt,missing,
Latitude 64,Brave,latitude-64,brave,missing,
Latitude 64,Claymore,latitude-64,claymore,missing,
Latitude 64,Compass,latitude-64,compass,missing,
Latitude 64,Core,latitude-64,core,missing,
Latitude 64,Culverin,latitude-64,culverin,missing,
Latitude 64,Cutlass,latitude-64,cutlass,missing,
Latitude 64,Dagger,latitude-64,dagger,missing,
Latitude 64,Diamond,latitude-64,diamond,missing,
Latitude 64,Faith,latitude-64,faith,missing,
Latitude 64,Flow,latitude-64,flow,missing,
Latitude 64,Fury,latitude-64,fury,missing,
Latitude 64,Gladiator,latitude-64,gladiator,missing,
Latitude 64,Glory,latitude-64,glory,missing,
Latitude 64,Halo,latitude-64,halo,missing,
Latitude 64,Havoc,latitude-64,havoc,missing,
Latitude 64,Honor,latitude-64,honor,missing,
Latitude 64,Hope,latitude-64,hope,missing,
Latitude 64,Jade,latitude-64,jade,missing,
Latitude 64,Keystone,latitude-64,keystone,missing,
Latitude 64,Knight,latitude-64,knight,missing,
Latitude 64,Mace,latitude-64,mace,missing,
Latitude 64,Maul,latitude-64,maul,missing,
Latitude 64,Mercy,latitude-64,mercy,missing,
Latitude 64,Missilen (OOP),latitude-64,missilenoop,missing,
Latitude 64,Musket,latitude-64,musket,missing,
Latitude 64,Peak,latitude-64,peak,missing,
Latitude 64,Pearl,latitude-64,pearl,missing,
Latitude 64,Pioneer,latitude-64,pioneer,missing,
Latitude 64,Pirate,latitude-64,pirate,missing,
Latitude 64,Raketen (OOP),latitude-64,raketenoop,missing,
Latitude 64,River Pro (OOP),latitude-64,riverprooop,missing,
Latitude 64,Ruby,latitude-64,ruby,missing,
Latitude 64,Saint Pro,latitude-64,saintpro,missing,
Latitude 64,Sapphire,latitude-64,sapphire,missing,
Latitude 64,Savior,latitude-64,savior,missing,
Latitude 64,Sinus,latitude-64,sinus,missing,
Latitude 64,Spark,latitude-64,spark,missing,
Latitude 64,Stiletto,latitude-64,stiletto,missing,
Latitude 64,Striker,latitude-64,striker,missing,
Latitude 64,Strive,latitude-64,strive,missing,
Latitude 64,Trident,latitude-64,trident,missing,
Latitude 64,XXX,latitude-64,xxx,missing,
Legacy,Aftermath,legacy,aftermath,missing,
Legacy,Badger,legacy,badger,missing,
Legacy,Bandit,legacy,bandit,missing,
Legacy,Cannon,legacy,cannon,missing,
Legacy,Clozer,legacy,clozer,missing,
Legacy,Clutch,legacy,clutch,missing,
Legacy,Enemy,legacy,enemy,missing,
Legacy,Fighter,legacy,fighter,missing,
Legacy,Gauge,legacy,gauge,missing,
Legacy,Ghost,legacy,ghost,missing,
Legacy,Hunter,legacy,hunter,missing,
Legacy,Mongoose,legacy,mongoose,missing,
Legacy,Nemesis,legacy,nemesis,missing,
Legacy,Outlaw,legacy,outlaw,missing,
Legacy,Patriot,legacy,patriot,missing,
Legacy,Phenom,legacy,phenom,missing,
Legacy,Prowler,legacy,prowler,missing,
Legacy,Pursuit,legacy,pursuit,missing,
Legacy,Rampage,legacy,rampage,missing,
Legacy,Rebel,legacy,rebel,missing,
Legacy,Recluse,legacy,recluse,missing,
Legacy,Recon,legacy,recon,missing,
Legacy,Rival,legacy,rival,missing,
Legacy,Sumo,legacy,sumo,missing,
Legacy,Valor,legacy,valor,missing,
Legacy,Vengeance,legacy,vengeance,missing,
Lightning,1 Driver,lightning,1driver,missing,
Lightning,1 Flyer,lightning,1flyer,missing,
Lightning,1 Helix,lightning,1helix,missing,
Lightning,1 Hookshot,lightning,1hookshot,missing,
Lightning,1 Hyzer,lightning,1hyzer,missing,
Lone Star Discs,Armadillo,lone-star-discs,armadillo,missing,
Lone Star Discs,Artemis,lone-star-discs,artemis,missing,
Lone Star Discs,Bash,lone-star-discs,bash,missing,
Lone Star Discs,Bayonet,lone-star-discs,bayonet,missing,
Lone Star Discs,BB6,lone-star-discs,bb6,missing,
Lone Star Discs,Bearkat,lone-star-discs,bearkat,missing,
Lone Star Discs,Benny,lone-star-discs,benny,missing,
Lone Star Discs,Bluebonnet,lone-star-discs,bluebonnet,missing,
Lone Star Discs,Bowie,lone-star-discs,bowie,missing,
Lone Star Discs,Brazos,lone-star-discs,brazos,missing,
Lone Star Discs,Bull Snake,lone-star-discs,bullsnake,missing,
Lone Star Discs,Cactus,lone-star-discs,cactus,missing,
Lone Star Discs,Chupacabra,lone-star-discs,chupacabra,missing,
Lone Star Discs,Copperhead,lone-star-discs,copperhead,missing,
Lone Star Discs,Crockett,lone-star-discs,crockett,missing,
Lone Star Discs,Curl,lone-star-discs,curl,missing,
Lone Star Discs,Desperado,lone-star-discs,desperado,missing,
Lone Star Discs,Dos X,lone-star-discs,dosx,missing,
Lone Star Discs,Frio,lone-star-discs,frio,missing,
Lone Star Discs,Growler,lone-star-discs,growler,missing,
Lone Star Discs,Guadalupe,lone-star-discs,guadalupe,missing,
Lone Star Discs,Harpoon,lone-star-discs,harpoon,missing,
Lone Star Discs,Harrier,lone-star-discs,harrier,missing,
Lone Star Discs,Horny Toad,lone-star-discs,hornytoad,missing,
Lone Star Discs,Houston,lone-star-discs,houston,missing,
Lone Star Discs,Jack Rabbit,lone-star-discs,jackrabbit,missing,
Lone Star Discs,Lariat,lone-star-discs,lariat,missing,
Lone Star Discs,Lone Wolf,lone-star-discs,lonewolf,missing,
Lone Star Discs,Mad Cat,lone-star-discs,madcat,missing,
Lone Star Discs,Middy,lone-star-discs,middy,missing,
Lone Star Discs,Mockingbird,lone-star-discs,mockingbird,missing,
Lone Star Discs,Nimitz,lone-star-discs,nimitz,missing,
Lone Star Discs,Penny Putter (Premium),lone-star-discs,pennyputterpremium,missing,
Lone Star Discs,Penny Putter (Victor),lone-star-discs,pennyputtervictor,missing,
Lone Star Discs,Rio Grande,lone-star-discs,riogrande,missing,
Lone Star Discs,Seguin,lone-star-discs,seguin,missing,
Lone Star Discs,Spur,lone-star-discs,spur,missing,
Lone Star Discs,Tex,lone-star-discs,tex,missing,
Lone Star Discs,Texas Ranger,lone-star-discs,texasranger,missing,
Lone Star Discs,The Dome,lone-star-discs,thedome,missing,
Lone Star Discs,Tombstone,lone-star-discs,tombstone,missing,
Lone Star Discs,Trinity,lone-star-discs,trinity,missing,
Lone Star Discs,Tumbleweed,lone-star-discs,tumbleweed,missing,
Lone Star Discs,Walker,lone-star-discs,walker,missing,
Lone Star Discs,Warbird,lone-star-discs,warbird,missing,
Lone Star Discs,Wrangler,lone-star-discs,wrangler,missing,
Lone Star Discs,Yellow Rose,lone-star-discs,yellowrose,missing,
Løft Discs,Bohrium,l-ft-discs,bohrium,missing,
Løft Discs,Hydrogen,l-ft-discs,hydrogen,missing,
Løft Discs,Neon,l-ft-discs,neon,missing,
Løft Discs,Silicon,l-ft-discs,silicon,missing,
Løft Discs,Titanium,l-ft-discs,titanium,missing,
Løft Discs,Xenon,l-ft-discs,xenon,missing,
Millennium,Aquarius,millennium,aquarius,missing,
Millennium,Aries,millennium,aries,missing,
Millennium,Astra,millennium,astra,missing,
Millennium,Astra-X,millennium,astrax,missing,
Millennium,Aurora/QMS,millennium,auroraqms,missing,
Millennium,Draco,millennium,draco,missing,
Millennium,Falcon,millennium,falcon,missing,
Millennium,Helio Vela,millennium,heliovela,missing,
Millennium,JLS,millennium,jls,missing,
Millennium,Mars Rover,millennium,marsrover,missing,
Millennium,Moab,millennium,moab,missing,
Millennium,Mortar,millennium,mortar,missing,
Millennium,Omega,millennium,omega,missing,
Millennium,Omega 4,millennium,omega4,missing,
Millennium,Omega Big Bead,millennium,omegabigbead,missing,
Millennium,Orion LF,millennium,orionlf,missing,
Millennium,Orion LS,millennium,orionls,missing,
Millennium,Polaris LF (OOP),millennium,polarislfoop,missing,
Millennium,Polaris LS,millennium,polarisls,missing,
Millennium,Quasar,millennium,quasar,missing,
Millennium,Sabot,millennium,sabot,missing,
Millennium,Scorpius,millennium,scorpius,missing,
Millennium,Sentinel,millennium,sentinel,missing,
Millennium,Solstice,millennium,solstice,missing,
Millennium,Tank,millennium,tank,missing,
Millennium,Vela,millennium,vela,missing,
Millennium,Zodiac,millennium,zodiac,missing,
Mint Discs,Alpha,mint-discs,alpha,missing,
Mint Discs,Bobcat,mint-discs,bobcat,missing,
Mint Discs,Bullet,mint-discs,bullet,missing,
Mint Discs,Diamondback,mint-discs,diamondback,missing,
Mint Discs,Freetail,mint-discs,freetail,missing,
Mint Discs,Goat,mint-discs,goat,missing,
Mint Discs,Goat (Eternal),mint-discs,goateternal,missing,
Mint Discs,Grackle,mint-discs,grackle,missing,
Mint Discs,Idol,mint-discs,idol,missing,
Mint Discs,Jackalope,mint-discs,jackalope,missing,
Mint Discs,Lasso,mint-discs,lasso,missing,
Mint Discs,Lobster,mint-discs,lobster,missing,
Mint Discs,Longhorn,mint-discs,longhorn,missing,
Mint Discs,Mustang,mint-discs,mustang,missing,
Mint Discs,Phoenix,mint-discs,phoenix,missing,
Mint Discs,Pickle,mint-discs,pickle,missing,
Mint Discs,Profit,mint-discs,profit,missing,
Mint Discs,Salamander,mint-discs,salamander,missing,
Mint Discs,Taco,mint-discs,taco,missing,
Mint Discs,UFO,mint-discs,ufo,missing,
MVP,Atom,mvp,atom,missing,
MVP,Catalyst,mvp,catalyst,missing,
MVP,Deflector,mvp,deflector,missing,
MVP,Detour,mvp,detour,missing,
MVP,Dimension,mvp,dimension,missing,
MVP,Energy,mvp,energy,missing,
MVP,Entropy,mvp,entropy,missing,
MVP,Glitch,mvp,glitch,missing,
MVP,Impulse,mvp,impulse,missing,
MVP,Inertia,mvp,inertia,missing,
MVP,Ion,mvp,ion,missing,
MVP,Matrix,mvp,matrix,missing,
MVP,Motion,mvp,motion,missing,
MVP,Nitro,mvp,nitro,missing,
MVP,Nomad,mvp,nomad,missing,
MVP,Octane,mvp,octane,missing,
MVP,Ohm,mvp,ohm,missing,
MVP,Orbital,mvp,orbital,missing,
MVP,Phase,mvp,phase,missing,
MVP,Photon,mvp,photon,missing,
MVP,Reactor,mvp,reactor,missing,
MVP,Relativity,mvp,relativity,missing,
MVP,Relay,mvp,relay,missing,
MVP,Resistor,mvp,resistor,missing,
MVP,Servo,mvp,servo,missing,
MVP,Signal,mvp,signal,missing,
MVP,Spin,mvp,spin,missing,
MVP,Teleport,mvp,teleport,missing,
MVP,Terra,mvp,terra,missing,
MVP,Tesla,mvp,tesla,missing,
MVP,Trail,mvp,trail,missing,
MVP,Volt,mvp,volt,missing,
MVP,Watt,mvp,watt,missing,
MVP,Wave,mvp,wave,missing,
MVP,Zenith,mvp,zenith,missing,
Neptune Discs,Marlin,neptune-discs,marlin,missing,
Neptune Discs,Nautilus,neptune-discs,nautilus,missing,
Neptune Discs,Splash,neptune-discs,splash,missing,
Neptune Discs,Squid,neptune-discs,squid,missing,
Other,Andro C,other,androc,missing,
Other,Andro C (Retooled),other,androcretooled,missing,
Other,Apollo,other,apollo,missing,
Other,Cypress,other,cypress,missing,
Other,Flying Squirrel,other,flyingsquirrel,missing,
Other,Golem,other,golem,missing,
Other,I-One,other,ione,missing,
Other,KGB,other,kgb,missing,
Other,Kraken,other,kraken,missing,
Other,Lawin,other,lawin,missing,
Other,Leviathan,other,leviathan,missing,
Other,Minotaur,other,minotaur,missing,
Other,Narwhal,other,narwhal,missing,
Other,Nice!,other,nice,missing,
Other,Pure OG,other,pureog,missing,
Other,Stego,other,stego,missing,
Other,Strike,other,strike,missing,
Other,Tiyanak,other,tiyanak,missing,
Other,Tyrant,other,tyrant,missing,
Other,Ultra,other,ultra,missing,
Other,Zeal,other,zeal,missing,
Prodigy,A1,prodigy,a1,missing,
Prodigy,A2,prodigy,a2,missing,
Prodigy,A3,prodigy,a3,missing,
Prodigy,A4,prodigy,a4,missing,
Prodigy,A5,prodigy,a5,missing,
Prodigy,Archive,prodigy,archive,missing,
Prodigy,D Model OS,prodigy,dmodelos,missing,
Prodigy,D Model S,prodigy,dmodels,missing,
Prodigy,D Model US,prodigy,dmodelus,missing,
Prodigy,D1,prodigy,d1,missing,
Prodigy,D1 Max,prodigy,d1max,missing,
Prodigy,D2,prodigy,d2,missing,
Prodigy,D2 Max,prodigy,d2max,missing,
Prodigy,D2 Pro,prodigy,d2pro,missing,
Prodigy,D2 Signature (Falcor),prodigy,d2signaturefalcor,missing,
Prodigy,D3,prodigy,d3,missing,
Prodigy,D3 Max,prodigy,d3max,missing,
Prodigy,D4,prodigy,d4,missing,
Prodigy,D4 Max,prodigy,d4max,missing,
Prodigy,D6,prodigy,d6,missing,
Prodigy,Distortion,prodigy,distortion,missing,
Prodigy,F Model OS,prodigy,fmodelos,missing,
Prodigy,F Model S,prodigy,fmodels,missing,
Prodigy,F Model US,prodigy,fmodelus,missing,
Prodigy,F1,prodigy,f1,missing,
Prodigy,F2,prodigy,f2,missing,
Prodigy,F3,prodigy,f3,missing,
Prodigy,F5,prodigy,f5,missing,
Prodigy,F7,prodigy,f7,missing,
Prodigy,F9,prodigy,f9,missing,
Prodigy,Feedback,prodigy,feedback,missing,
Prodigy,FX-2,prodigy,fx2,missing,
Prodigy,FX-3,prodigy,fx3,missing,
Prodigy,FX-4,prodigy,fx4,missing,
Prodigy,H1 (V2),prodigy,h1v2,missing,
Prodigy,H2 (V2),prodigy,h2v2,missing,
Prodigy,H3 (V2),prodigy,h3v2,missing,
Prodigy,H4 (V2),prodigy,h4v2,missing,
Prodigy,H5,prodigy,h5,missing,
Prodigy,H7,prodigy,h7,missing,
Prodigy,M Model S,prodigy,mmodels,missing,
Prodigy,M Model US,prodigy,mmodelus,missing,
Prodigy,M1,prodigy,m1,missing,
Prodigy,M2,prodigy,m2,missing,
Prodigy,M3,prodigy,m3,missing,
Prodigy,M4,prodigy,m4,missing,
Prodigy,M5,prodigy,m5,missing,
Prodigy,MX-1,prodigy,mx1,missing,
Prodigy,MX-2,prodigy,mx2,missing,
Prodigy,MX-3,prodigy,mx3,missing,
Prodigy,P Model OS,prodigy,pmodelos,missing,
Prodigy,P Model S,prodigy,pmodels,missing,
Prodigy,P Model US,prodigy,pmodelus,missing,
Prodigy,PA1,prodigy,pa1,missing,
Prodigy,PA2,prodigy,pa2,missing,
Prodigy,PA3,prodigy,pa3,missing,
Prodigy,PA4,prodigy,pa4,missing,
Prodigy,PA5,prodigy,pa5,missing,
Prodigy,Pivot,prodigy,pivot,missing,
Prodigy,PX-3,prodigy,px3,missing,
Prodigy,Reverb,prodigy,reverb,missing,
Prodigy,Shadowfax,prodigy,shadowfax,missing,
Prodigy,Stryder,prodigy,stryder,missing,
Prodigy,Waco,prodigy,waco,missing,
Prodigy,X2,prodigy,x2,missing,
Prodigy,X3,prodigy,x3,missing,
Prodigy,X4,prodigy,x4,missing,
Prodigy,X5,prodigy,x5,missing,
Prodiscus,Amulet,prodiscus,amulet,missing,
Prodiscus,Empire,prodiscus,empire,missing,
Prodiscus,Fasti,prodiscus,fasti,missing,
Prodiscus,Flipperi,prodiscus,flipperi,missing,
Prodiscus,Jokeri,prodiscus,jokeri,missing,
Prodiscus,JokeriX,prodiscus,jokerix,missing,
Prodiscus,Laseri,prodiscus,laseri,missing,
Prodiscus,Legenda,prodiscus,legenda,missing,
Prodiscus,Midari,prodiscus,midari,missing,
Prodiscus,Origo,prodiscus,origo,missing,
Prodiscus,Razeri,prodiscus,razeri,missing,
Prodiscus,RESPECTi,prodiscus,respecti,missing,
Prodiscus,Slaidi,prodiscus,slaidi,missing,
Prodiscus,Sparta,prodiscus,sparta,missing,
Prodiscus,Stari,prodiscus,stari,missing,
Prodiscus,Talisman,prodiscus,talisman,missing,
Prodiscus,Titan,prodiscus,titan,missing,
RPM,Huia,rpm,huia,missing,
RPM,Kahu,rpm,kahu,missing,
RPM,Kahu OS,rpm,kahuos,missing,
RPM,Kahu XG,rpm,kahuxg,missing,
RPM,Kea,rpm,kea,missing,
RPM,Kiwi,rpm,kiwi,missing,
RPM,Kotare,rpm,kotare,missing,
RPM,Kotuku,rpm,kotuku,missing,
RPM,Pekapeka,rpm,pekapeka,missing,
RPM,Piwakawaka,rpm,piwakawaka,missing,
RPM,Ruru,rpm,ruru,missing,
RPM,Takapu,rpm,takapu,missing,
RPM,Tara iti,rpm,taraiti,missing,
RPM,Tui,rpm,tui,missing,
Sacred Discs,Arrowhead,sacred-discs,arrowhead,missing,
Sacred Discs,Gnome,sacred-discs,gnome,missing,
Sacred Discs,Oracle,sacred-discs,oracle,missing,
Sacred Discs,Starship,sacred-discs,starship,missing,
Stokely Discs,Cardinal,stokely-discs,cardinal,missing,
Stokely Discs,CHING Juju,stokely-discs,chingjuju,missing,
Stokely Discs,Lark,stokely-discs,lark,missing,
Stokely Discs,Owl,stokely-discs,owl,missing,
Stokely Discs,Peregrine,stokely-discs,peregrine,missing,
Stokely Discs,Precision,stokely-discs,precision,missing,
Stokely Discs,Wren,stokely-discs,wren,missing,
Storm,Abyss,storm,abyss,missing,
Storm,Radar,storm,radar,missing,
Storm,The Crater,storm,thecrater,missing,
Storm,The Eye,storm,theeye,missing,
Storm,Wall Cloud,storm,wallcloud,missing,
Streamline,Ascend,streamline,ascend,missing,
Streamline,Drift,streamline,drift,missing,
Streamline,Echo,streamline,echo,missing,
Streamline,Engine,streamline,engine,missing,
Streamline,Flare,streamline,flare,missing,
Streamline,Jet,streamline,jet,missing,
Streamline,Lift,streamline,lift,missing,
Streamline,Parachute,streamline,parachute,missing,
Streamline,Pilot,streamline,pilot,missing,
Streamline,Range,streamline,range,missing,
Streamline,Runway,streamline,runway,missing,
Streamline,Shift,streamline,shift,missing,
Streamline,Stabilizer,streamline,stabilizer,missing,
Streamline,Trace,streamline,trace,missing,
Streamline,Turbulence,streamline,turbulence,missing,
Thought Space Athletics,Alter,thought-space-athletics,alter,missing,
Thought Space Athletics,Animus,thought-space-athletics,animus,missing,
Thought Space Athletics,Coalesce,thought-space-athletics,coalesce,missing,
Thought Space Athletics,Construct,thought-space-athletics,construct,missing,
Thought Space Athletics,Crux,thought-space-athletics,crux,missing,
Thought Space Athletics,Expanse,thought-space-athletics,expanse,missing,
Thought Space Athletics,Mana,thought-space-athletics,mana,missing,
Thought Space Athletics,Mantra,thought-space-athletics,mantra,missing,
Thought Space Athletics,Muse,thought-space-athletics,muse,missing,
Thought Space Athletics,Nuance,thought-space-athletics,nuance,missing,
Thought Space Athletics,Omen,thought-space-athletics,omen,missing,
Thought Space Athletics,Pathfinder,thought-space-athletics,pathfinder,missing,
Thought Space Athletics,Persona,thought-space-athletics,persona,missing,
Thought Space Athletics,Pneuma,thought-space-athletics,pneuma,missing,
Thought Space Athletics,Praxis,thought-space-athletics,praxis,missing,
Thought Space Athletics,Requiem,thought-space-athletics,requiem,missing,
Thought Space Athletics,Synapse,thought-space-athletics,synapse,missing,
Thought Space Athletics,Temple,thought-space-athletics,temple,missing,
Thought Space Athletics,Vessel,thought-space-athletics,vessel,missing,
Thought Space Athletics,Votum,thought-space-athletics,votum,missing,
Trash Panda,Canyon,trash-panda,canyon,missing,
Trash Panda,Dune,trash-panda,dune,missing,
Trash Panda,Inner Core,trash-panda,innercore,missing,
Trash Panda,Outer Core,trash-panda,outercore,missing,
Trash Panda,Ozone,trash-panda,ozone,missing,
Trash Panda,Procyon,trash-panda,procyon,missing,
Vibram,Arch,vibram,arch,missing,
Vibram,Crag,vibram,crag,missing,
Vibram,Ibex,vibram,ibex,missing,
Vibram,Lace,vibram,lace,missing,
Vibram,Launch,vibram,launch,missing,
Vibram,Notch,vibram,notch,missing,
Vibram,O-Lace,vibram,olace,missing,
Vibram,Obex,vibram,obex,missing,
Vibram,Onyx,vibram,onyx,missing,
Vibram,Ridge,vibram,ridge,missing,
Vibram,Solace,vibram,solace,missing,
Vibram,Sole,vibram,sole,missing,
Vibram,Summit,vibram,summit,missing,
Vibram,UnLace,vibram,unlace,missing,
Vibram,Valley,vibram,valley,missing,
Vibram,Vamp,vibram,vamp,missing,
Vibram,VP,vibram,vp,missing,
Viking,Axe,viking,axe,missing,
Viking,Barbarian,viking,barbarian,missing,
Viking,Berserker,viking,berserker,missing,
Viking,Cosmos,viking,cosmos,missing,
Viking,Fenrir,viking,fenrir,missing,
Viking,Knife,viking,knife,missing,
Viking,Odin,viking,odin,missing,
Viking,Ragnarok,viking,ragnarok,missing,
Viking,Rune,viking,rune,missing,
Viking,Thor,viking,thor,missing,
Viking,Warrior (Viking),viking,warriorviking,missing,
Westside Discs,Adder,westside-discs,adder,missing,
Westside Discs,Ahti,westside-discs,ahti,missing,
Westside Discs,Anvil,westside-discs,anvil,missing,
Westside Discs,Bard,westside-discs,bard,missing,
Westside Discs,Bear,westside-discs,bear,missing,
Westside Discs,Boatman,westside-discs,boatman,missing,
Westside Discs,Catapult,westside-discs,catapult,missing,
Westside Discs,Crown,westside-discs,crown,missing,
Westside Discs,Destiny,westside-discs,destiny,missing,
Westside Discs,Fortress,westside-discs,fortress,missing,
Westside Discs,Gatekeeper,westside-discs,gatekeeper,missing,
Westside Discs,Giant,westside-discs,giant,missing,
Westside Discs,Harp,westside-discs,harp,missing,
Westside Discs,Hatchet,westside-discs,hatchet,missing,
Westside Discs,King,westside-discs,king,missing,
Westside Discs,Longbowman,westside-discs,longbowman,missing,
Westside Discs,Maiden,westside-discs,maiden,missing,
Westside Discs,Northman,westside-discs,northman,missing,
Westside Discs,Pine,westside-discs,pine,missing,
Westside Discs,Prince,westside-discs,prince,missing,
Westside Discs,Queen,westside-discs,queen,missing,
Westside Discs,Sampo,westside-discs,sampo,missing,
Westside Discs,Seer,westside-discs,seer,missing,
Westside Discs,Shield,westside-discs,shield,missing,
Westside Discs,Sling,westside-discs,sling,missing,
Westside Discs,Sorcerer,westside-discs,sorcerer,missing,
Westside Discs,Stag,westside-discs,stag,missing,
Westside Discs,Swan 1 Reborn,westside-discs,swan1reborn,missing,
Westside Discs,Swan 2,westside-discs,swan2,missing,
Westside Discs,Sword,westside-discs,sword,missing,
Westside Discs,Tide,westside-discs,tide,missing,
Westside Discs,Tursas,westside-discs,tursas,missing,
Westside Discs,Underworld,westside-discs,underworld,missing,
Westside Discs,War Horse,westside-discs,warhorse,missing,
Westside Discs,Warship,westside-discs,warship,missing,
Westside Discs,World,westside-discs,world,missing,
Wild Discs,Addax,wild-discs,addax,missing,
Wild Discs,Addax Reborn,wild-discs,addaxreborn,missing,
Wild Discs,Angler,wild-discs,angler,missing,
Wild Discs,Hyena,wild-discs,hyena,missing,
Wild Discs,Orca,wild-discs,orca,missing,
Wild Discs,Sea Otter,wild-discs,seaotter,missing,
Wild Discs,Tasmanian Devil V2,wild-discs,tasmaniandevilv2,missing,
Yikun,Bi,yikun,bi,missing,
Yikun,Claws,yikun,claws,missing,
Yikun,Crossbow,yikun,crossbow,missing,
Yikun,Da'E,yikun,dae,missing,
Yikun,Fu,yikun,fu,missing,
Yikun,Gou,yikun,gou,missing,
Yikun,Gui,yikun,gui,missing,
Yikun,Hammer,yikun,hammer,missing,
Yikun,Hu,yikun,hu,missing,
Yikun,Jiao,yikun,jiao,missing,
Yikun,Jun,yikun,jun,missing,
Yikun,Kang,yikun,kang,missing,
Yikun,Kui,yikun,kui,missing,
Yikun,Ling,yikun,ling,missing,
Yikun,Long,yikun,long,missing,
Yikun,Lu,yikun,lu,missing,
Yikun,Meteor Hammer,yikun,meteorhammer,missing,
Yikun,Qi,yikun,qi,missing,
Yikun,Rong,yikun,rong,missing,
Yikun,Shu,yikun,shu,missing,
Yikun,Tomahawk,yikun,tomahawk,missing,
Yikun,Twin Swords,yikun,twinswords,missing,
Yikun,View,yikun,view,missing,
Yikun,Wei,yikun,wei,missing,
Yikun,Wings,yikun,wings,missing,
Yikun,Xing,yikun,xing,missing,
Yikun,Yan,yikun,yan,missing,
Yikun,Yao,yikun,yao,missing,
Yikun,Yi,yikun,yi,missing,
Yikun,Zheng,yikun,zheng,missing,
